Type,Value,Year
Min GDP per capita,635.757934570313,1999
Max GDP per capita,4187.73974609375,2013
